severity,avg(humidity)
1,44.93185882352941
3,61.389763779527556
4,66.90912530526606
2,64.71880199667221
