severity,avg(distance)
1,0.04140207047883202
3,0.3028288130352575
4,0.9164150592333673
2,0.26030270851060866
