severity,avg(pressure)
1,28.962710667868222
3,29.090354320918827
4,29.217989188461193
2,29.445562607460626
