severity,avg(visibility)
1,9.742155294149063
3,9.174569845459237
4,8.999697313805155
2,9.211308461891036
